First Last,First,Last,Company,Domain
Michael Gardner,Michael,Gardner,TeenyB Bikini Couture,www.teenyb.com
Kirana Wibowo,Kirana,Wibowo,"Azalea Boutique, Inc",www.azaleasf.com
Rupert Sanderson,Rupert,Sanderson,Rupert Sanderson,www.rupertsanderson.com
Heime Weakley,Heime,Weakley,"Life is Good, Inc.",www.lifeisgood.com
Brian Curin,Brian,Curin,Flip Flop Shops,www.flipflopshops.com
Permit Place,Permit,Place,Closed Gmbh,www.closed.com
Candace Horton,Candace,Horton,"Mainstream Fashions Franchising, Inc.",www.mainstreamboutique.com
John Hatley,John,Hatley,Hatley,www.hatley.com
Jamie Ponsaran,Jamie,Ponsaran,Jbc,www.jbc.be
Katharine Wilkie Josephson,Katharine,Josephson,Bella Bridesmaids,www.bellabridesmaids.com
Aira Miller,Aira,Miller,Tea Living Inc.,www.teacollection.com
Alex Kugelman,Alex,Kugelman,Violet Grey Inc,www.violetgrey.com
Melissa Cox,Melissa,Cox,Perfectly Posh Llc,www.perfectlyposh.com
Chavis Mcdermott,Chavis,Mcdermott,"Tradehome Shoe Stores, Inc.",www.tradehome.com
John Schopbach,John,Schopbach,WEEKENDS Boulder,www.weekendsboulder.com
Eric Peng Cheng,Eric,Cheng,Undefeated Inc.,www.undefeated.com
Keith Simmons,Keith,Simmons,Xterra Wetsuits,www.xterrawetsuits.com
Molly Stern,Molly,Stern,Zando,www.zando.co.za
Steve Schreter,Steve,Schreter,J. Schreter,www.schreter.com
Brad Stephen,Brad,Stephen,Gravity Defyer,www.gravitydefyer.com
