First Last,First,Last,Company,Domain
Pamela Massad,Pamela,Massad,"Cookies by Design, Inc.",www.cookiesbydesign.com
Anna Ashworth,Anna,Ashworth,Closed Gmbh,www.closed.com
Jari Laine,Jari,Laine,Varusteleka,www.varusteleka.fi
Catherine Malandrino,Catherine,Malandrino,"Aidan Industries, LLC",www.catherinemalandrino.com
Simon Carter,Simon,Carter,Simon Carter Ltd,www.simoncarter.net
Mark Schroeckenstein,Mark,Schroeckenstein,"Sport Science, LLC",www.sportsciencewear.com
Karen Robinson,Karen,Robinson,"Scruples Professional Salon Products, Inc.",www.scrupleshaircare.com
Tony Lutwyche,Tony,Lutwyche,Lutwyche,www.lutwyche.co.uk
Michael Franke,Michael,Franke,Summit Sports Llc,www.summitsports.com
Stephanie Comptois,Stephanie,Comptois,Bear Necessities,www.bearnecessitiesonline.com
Erik Tonkin,Erik,Tonkin,Sellwood Cycle Repair,www.sellwoodcycle.com
Bill Coutts,Bill,Coutts,B-Unlimited,www.b-unlimited.com
Sandra Vona,Sandra,Vona,cake | boutique,www.cakeparkcity.com
Claudeen Fraser,Claudeen,Fraser,Intimo Inc.,www.intimo.com
Eli Petel,Eli,Petel,American Threads,www.shopamericanthreads.com
Gilbert Sullivan,Gilbert,Sullivan,Oscar de la Renta LLC,www.oscardelarenta.com
Mike Stubbs,Mike,Stubbs,Rareform,www.rareform.com
Arié Benayoun,Arié,Benayoun,"Zapa, S.A.",www.zapa.fr
Thomas Cafaro,Thomas,Cafaro,"G-Form, LLC",www.g-form.com
Alfredo Carro,Alfredo,Carro,Island Water Sports,www.islandwatersports.com
