First Last,First,Last,Company,Domain
Trevor Taylor,Trevor,Taylor,Hurley International LLC,www.hurley.com
Ben Goorin,Ben,Goorin,"Goorin Bros., Inc.",www.goorin.com
Stacie Sefton,Stacie,Sefton,"BHFO, Inc.",www.bhfo.com
Joy Briggs,Joy,Briggs,Joy,www.joythestore.com
Chavo Killingsworth,Chavo,Killingsworth,Good American,www.goodamerican.com
Ezra Karako,Ezra,Karako,Karako Suits,www.karakosuits.com
Kenny Knight,Kenny,Knight,RAGE Fitness,www.ragefitness.com
Debbie Rowe,Debbie,Rowe,Taylor Made Designs UK Ltd,www.taylormadedesigns.co.uk
Kevin Alsterda,Kevin,Alsterda,UpMerch,www.upmerch.com
Brad Thorne,Brad,Thorne,"Cane Creek Cycling Components, Inc",www.canecreek.com
Mark Boerner,Mark,Boerner,Swims As,www.swims.com
Saul Cohen,Saul,Cohen,Necessary Clothing,www.necessaryclothing.com
Jon Singer,Jon,Singer,SINGER22.com,www.singer22.com
Dikla Gavrieli,Dikla,Gavrieli,Tieks by Gavrieli,www.tieks.com
Monique Millan,Monique,Millan,Perfectly Posh Llc,www.perfectlyposh.com
Deirdre Quinn,Deirdre,Quinn,Lafayette 148 New York Inc.,www.lafayette148ny.com
Hiral Sanghavi,Hiral,Sanghavi,Baubax Llc,www.baubax.com
Sandy Sprague,Sandy,Sprague,Bella Bridesmaids,www.bellabridesmaids.com
David Murphy,David,Murphy,"Barco Uniforms, Inc.",www.barcouniforms.com
Eric James Varady,Eric,Varady,Topology Eyewear,www.topologyeyewear.com
