First Last,First,Last,Company,Domain
Momo Stanic,Momo,Stanic,"Xplorer LLC, NYC, 10016 New York",www.xplorerlife.com
Heidi Holgate Tabaszewski,Heidi,Tabaszewski,Bella Bridesmaids,www.bellabridesmaids.com
Natalia Allen,Natalia,Allen,"Natalia, Inc.",www.nataliaallen.com
Colin Tunstall,Colin,Tunstall,Saturdays Surf NYC,www.saturdaysnyc.com
Brian Ree,Brian,Ree,"DailyLook, Inc.",www.dailylook.com
Craig Friedrich,Craig,Friedrich,Ski Country Sports,www.skicountrysports.com
Andrew Laine,Andrew,Laine,Gobblin' Sales Inc,www.turnupgear.com
William Kinsey,William,Kinsey,Sophisticated Curves,www.sophisticatedcurves.com
Gary Appletree,Gary,Appletree,Joker,www.joker.com.tr
Kellee Nightengale,Kellee,Nightengale,"Mainstream Fashions Franchising, Inc.",www.mainstreamboutique.com
Daniela Karnuts,Daniela,Karnuts,SAFiYAA,www.safiyaa.com
Jamie Sullivan,Jamie,Sullivan,"Cookies by Design, Inc.",www.cookiesbydesign.com
Patty Duke,Patty,Duke,Point6 LLC,www.point6.com
Ben Davies,Ben,Davies,Blue Fitness,www.bluefitness.co.nz
Prince Muller,Prince,Muller,"cabi, LLC",www.cabionline.com
Abraham Linkon,Abraham,Linkon,BrownField Ltd.,www.brownfieldbd.com
Abeer Al Otaiba,Abeer,Otaiba,SemSem LLC,www.semsem.com
Jed Kleckner,Jed,Kleckner,"Delivery.com, LLC",www.delivery.com
Suzie Chemel,Suzie,Chemel,Foxy Originals,www.foxyoriginals.com
Frank Thetank,Frank,Thetank,"TOMS Shoes, LLC",www.toms.com
