First Last,First,Last,Company,Domain
Matthew Smith,Matthew,Smith,Embr Labs Inc.,www.embrlabs.com
Kyle Campbell Parsons,Kyle,Parsons,"Indosole, LLC",www.indosole.com
Matthew Culmo,Matthew,Culmo,By George,www.bygeorgeaustin.com
Kim Phan,Kim,Phan,Yumi Kim,www.yumikim.com
Adam Sidney,Adam,Sidney,Myles Apparel Llc,www.mylesapparel.com
Jason Yeats,Jason,Yeats,"Beckett & Robb, LLC",www.beckettrobb.com
Katie May Neu,Katie,Neu,Katie May,www.katiemay.com
Brian Bloom,Brian,Bloom,"Monica & Andy, Inc.",www.monicaandandy.com
Brita Womack,Brita,Womack,Purnell,www.purnellgear.com
Bryan Pate,Bryan,Pate,ElliptiGO Inc.,www.elliptigo.com
Kirk Bray,Kirk,Bray,"Billykirk, Inc.",www.billykirk.com
Dennis John Leedom,Dennis,Leedom,Bern Unlimited,www.bernunlimited.com
Nicole Deboom,Nicole,Deboom,"SkirtSports, Inc.",www.skirtsports.com
Jason Kraus,Jason,Kraus,"Jinx, Inc",www.jinx.com
Stephen Sullivan,Stephen,Sullivan,Stio,www.stio.com
Mark Schaub,Mark,Schaub,"Rufflebutts, Inc",www.rufflebutts.com
Kyle Berner,Kyle,Berner,"Feelgoodz, LLC",www.feelgoodz.com
Tyler Haney,Tyler,Haney,"Outdoor Voices, Inc.",www.outdoorvoices.com
Erin Fetherston,Erin,Fetherston,The Fetherston Design Group LLC,www.erinfetherston.com
Sean Mullan,Sean,Mullan,Disc Nation,www.discnation.com
