First Last,First,Last,Company,Domain
Rachel Comey,Rachel,Comey,Rachel Comey,www.rachelcomey.com
Tom O'dowd,Tom,O'dowd,"Power Balance, LLC",www.powerbalance.com
Dannelle Meyers,Dannelle,Meyers,Perfectly Posh Llc,www.perfectlyposh.com
Issa Revelation,Issa,Revelation,Diamond Supply Co.,www.diamondsupplyco.com
Zoomers Skate Club,Zoomers,Club,Piet Zoomers,www.pietzoomers.com
Judy Casey,Judy,Casey,Finicky Filly,www.thefinickyfilly.com
Danielle Renee Salinas,Danielle,Salinas,Maison de Papillon,www.maisondepapillon.com
Liz Forkin Bohannon,Liz,Bohannon,"Sseko Designs, L.L.C",www.ssekodesigns.com
Wayne Webster,Wayne,Webster,Wayne Enterprises Inc,www.wayne-ent.com
Tony Jordan,Tony,Jordan,"Domaine Chandon, Inc.",www.chandon.com
Cheryl Cheatham,Cheryl,Cheatham,Yaya,www.yaya.nl
Myrna Powell,Myrna,Powell,Tea Living Inc.,www.teacollection.com
Dario Spallone,Dario,Spallone,D1 Milano,www.d1milano.com
Susan Irwin,Susan,Irwin,www.spoiledbrat.co.uk,www.spoiledbrat.co.uk
Layana Aguilar,Layana,Aguilar,Layana Aguilar,www.layanaaguilar.com
Carolyn Hodler,Carolyn,Hodler,Galvan London,www.galvanlondon.com
Danny Niffin,Danny,Niffin,Society43 LLC,www.society43.com
Brett Levkoff,Brett,Levkoff,"Bill Levkoff, Inc.",www.billlevkoff.com
Monica Curteman,Monica,Curteman,Blue Bird Dress of Toronto Ltd.,www.palomablanca.com
Jenna Shannon,Jenna,Shannon,"Shed Windows and More, Inc.",www.shedwindowsandmore.com
