First Last,First,Last,Company,Domain
Joe Peta,Joe,Peta,Feather Baby,www.featherbaby.com
Colin Hatcher,Colin,Hatcher,WATCH IT! Inc.,www.watchit.ca
Leon Van Der Watt,Leon,Watt,Tse,www.tsecashmere.com
Andres Dorfman,Andres,Dorfman,Glamit,www.glamit.com.ar
Hank Barksdale,Hank,Barksdale,Mossbrown,www.mossbrown.com
Paolo Marchica,Paolo,Marchica,Beth Bender Beauty,www.bethbenderbeauty.com
Jarno Vanhatapio,Jarno,Vanhatapio,Nakdcom One World AB,www.na-kd.com
Elaine Mom,Elaine,Mom,Jambu/JBU/JSport,www.jambu.com
Aidas Launikonis,Aidas,Launikonis,La Forma Athletics,www.laforma.co
Karen Fredrick,Karen,Fredrick,"Mainstream Fashions Franchising, Inc.",www.mainstreamboutique.com
Travis Ybarra,Travis,Ybarra,"SOAR, LLC dba Soar Clothing SoarClothing.com",www.soarclothing.com
Kyle Bocchino,Kyle,Bocchino,Bella Bridesmaids,www.bellabridesmaids.com
Grant Gilman,Grant,Gilman,United State of Indiana,www.unitedstateofindiana.com
Joe Marinaro,Joe,Marinaro,Closed Gmbh,www.closed.com
Frank Oman,Frank,Oman,Mob,www.mobonline.com.br
Island Outfitters,Island,Outfitters,Island Outfitters,www.fishingvictoria.com
Catherine Malandrino,Catherine,Malandrino,"Aidan Industries, LLC",www.catherinemalandrino.com
Shefit Bob Moylan,Shefit,Moylan,Shefit Operating LLC,www.shefit.com
Jaime Garrastazu Enrique,Jaime,Enrique,Pompeii,www.pompeiibrand.com
Mac Duggal,Mac,Duggal,Mac Duggal,www.macduggal.com
