First Last,First,Last,Company,Domain
Andrew Solomon,Andrew,Solomon,"Life is Good, Inc.",www.lifeisgood.com
Lou Scannicchio,Lou,Scannicchio,Joy,www.joythestore.com
Javier Marzal,Javier,Marzal,Sune By Sn Sl,www.suneonline.com
Emma Mcilroy,Emma,Mcilroy,WILDFANG International Inc.,www.wildfang.com
Jessie Rae,Jessie,Rae,Perfectly Posh Llc,www.perfectlyposh.com
Joel Jeffery,Joel,Jeffery,Desmond & Dempsey,www.desmondanddempsey.com
Theresa Slack,Theresa,Slack,"Shed Windows and More, Inc.",www.shedwindowsandmore.com
Kevin Bello,Kevin,Bello,Snapbac,www.snapbac.com
Alla Ionescu,Alla,Ionescu,Jacadi Sas,www.jacadi.fr
Barbara Crouch,Barbara,Crouch,"cabi, LLC",www.cabionline.com
Cena Barhaghi,Cena,Barhaghi,Pink+Dolphin,www.pinkdolphinonline.com
Christopher Onyemenam,Christopher,Onyemenam,"Overton Enterprises, LLC",www.spibelt.com
Asako Nakamura,Asako,Nakamura,Mura Boutique,www.muraboutique.com.au
Jason Bolt,Jason,Bolt,Revant LLC,www.revantoptics.com
Stuart Paver,Stuart,Paver,Pavers Limited,www.pavers.co.uk
Sabrina Shaffer Finlay,Sabrina,Finlay,"Otabo, LLC",www.otabo.com
Brenda Lenhart,Brenda,Lenhart,Perfectly Posh Llc,www.perfectlyposh.com
Ziedonis Rusins,Ziedonis,Rusins,Everlast (boxing),www.everlast.com
Stacey Swartz,Stacey,Swartz,"Cookies by Design, Inc.",www.cookiesbydesign.com
Johnny Waggoner,Johnny,Waggoner,The Workwear Group,www.workweargroup.com.au
