First Last,First,Last,Company,Domain
Aaron Lavee,Aaron,Lavee,John Elliott,www.johnelliott.co
Camilla Bradley,Camilla,Bradley,CK Bradley,www.ckbradley.com
Nasir Kassamali,Nasir,Kassamali,"Luminaire (Miami), Inc.",www.luminaire.com
Eva Dunn Sims,Eva,Sims,Bella Bridesmaids,www.bellabridesmaids.com
Michael Ferguson,Michael,Ferguson,Haddrell’s Point Tackle & Supply,www.haddrellspoint.com
Craig Hower,Craig,Hower,"Outback Trading Company, Ltd.",www.outbacktrading.com
Steve Powers,Steve,Powers,Sugar and Bruno,www.sugarandbruno.com
Natalie Viteri,Natalie,Viteri,Vfiles Llc,www.vfiles.com
Karen Bell,Karen,Bell,"K.B. Socks, Inc.",www.kbellsocks.com
Javon Cotton,Javon,Cotton,Adore Beauty Pty Ltd,www.adorebeauty.com.au
Katie Warner Johnson,Katie,Johnson,"Carbon 38, Inc.",www.carbon38.com
Sydney Ryan,Sydney,Ryan,"cabi, LLC",www.cabionline.com
Carmin Gabrielle Black,Carmin,Black,Half United,www.halfunited.com
Missy Neville,Missy,Neville,Helen Jon,www.helenjon.com
Leonard Abrams,Leonard,Abrams,"Paul Fredrick MenStyle, Inc.",www.paulfredrick.com
Chris Kaufman,Chris,Kaufman,"SoleTrade, LLC",www.stockx.com
Scott Cornwell,Scott,Cornwell,"Braun Linen Service, Inc",www.braunlinen.com
Nick Tershay,Nick,Tershay,Diamond Supply Co.,www.diamondsupplyco.com
Ruti Ruth Zisser,Ruti,Zisser,RUTI Inc.,www.ruti.com
Jedd Rose,Jedd,Rose,Topo Designs Llc,www.topodesigns.com
