First Last,First,Last,Company,Domain
Alan Romick,Alan,Romick,"Headsweats, Inc.",www.headsweats.com
Allen Schwartz,Allen,Schwartz,ABS by Allen Schwartz,www.absstyle.com
Joerg Bodenschatz,Joerg,Bodenschatz,Crumpler Europe,www.crumpler.eu
Jennifer Klarman,Jennifer,Klarman,Perfectly Posh Llc,www.perfectlyposh.com
Eric Moskow,Eric,Moskow,Vogue.com,www.vogue.com
John Hannahs,John,Hannahs,LVR Fashion,www.lvrfashion.com
Pete Doran,Pete,Doran,Infectious Medical Scrubs,www.infectious.com.au
David Brcic,David,Brcic,Soccer Master,www.soccermaster.com
Priscilla Mier,Priscilla,Mier,Jbc,www.jbc.be
Becky Sherrill,Becky,Sherrill,Marchesa (brand),www.marchesa.com
Tom Niegsch,Tom,Niegsch,"TOMS Shoes, LLC",www.toms.com
Cedric Andries,Cedric,Andries,Dopping,www.dopping.com.br
Leonardo Marangi,Leonardo,Marangi,Primo Fitness,www.primofitnessusa.com
Grimes Culkin,Grimes,Culkin,Vogue.com,www.vogue.com
Chistopher Clayton,Chistopher,Clayton,"Chris Cardi, Inc.",www.chriscardi.com
Bj Klotz,Bj,Klotz,McU Sports,www.mcusports.com
Michael Schindler,Michael,Schindler,"Baden Sports, Inc.",www.badensports.com
Michele Ray Williams,Michele,Williams,"cabi, LLC",www.cabionline.com
Marina Francesca Moscone,Marina,Moscone,"Marina Moscone, Llc",www.marinamoscone.com
Calill Odqvist,Calill,Odqvist,Light My Fire,www.lightmyfire.com
